Order_ID,Customer,Product,Category,Quantity,Unit_Price,Order_Date
1001,Customer_1,Headphones,Electronics,3,29875,2026-01-01
1002,Customer_2,Keyboard,Electronics,4,10162,2026-01-02
1003,Customer_3,Tablet,Accessories,1,17464,2026-01-03
1004,Customer_4,Keyboard,Electronics,4,48393,2026-01-04
1005,Customer_5,Keyboard,Electronics,3,8630,2026-01-05
1006,Customer_6,Phone,Electronics,1,20031,2026-01-06
1007,Customer_7,Tablet,Electronics,4,2179,2026-01-07
1008,Customer_8,Tablet,Accessories,4,4006,2026-01-08
1009,Customer_9,Tablet,Electronics,3,13784,2026-01-09
1010,Customer_10,Keyboard,Accessories,1,7753,2026-01-10
1011,Customer_11,Headphones,Electronics,3,19628,2026-01-11
1012,Customer_12,Tablet,Electronics,1,28432,2026-01-12
1013,Customer_13,Keyboard,Electronics,5,9935,2026-01-13
1014,Customer_14,Phone,Electronics,2,44578,2026-01-14
1015,Customer_15,Headphones,Accessories,2,13796,2026-01-15
1016,Customer_16,Phone,Accessories,2,30945,2026-01-16
1017,Customer_17,Headphones,Electronics,3,13745,2026-01-17
1018,Customer_18,Keyboard,Electronics,5,29624,2026-01-18
1019,Customer_19,Laptop,Accessories,1,30399,2026-01-19
1020,Customer_20,Headphones,Electronics,4,44419,2026-01-20
1021,Customer_21,Phone,Electronics,1,43725,2026-01-21
1022,Customer_22,Keyboard,Electronics,4,35747,2026-01-22
1023,Customer_23,Headphones,Accessories,1,29722,2026-01-23
1024,Customer_24,Laptop,Accessories,5,26711,2026-01-24
1025,Customer_25,Laptop,Accessories,4,37720,2026-01-25
1026,Customer_26,Tablet,Electronics,3,27146,2026-01-26
1027,Customer_27,Tablet,Electronics,1,39149,2026-01-27
1028,Customer_28,Phone,Accessories,1,23549,2026-01-28
1029,Customer_29,Headphones,Accessories,4,14569,2026-01-29
1030,Customer_30,Headphones,Accessories,3,33080,2026-01-30
1031,Customer_31,Tablet,Accessories,3,32343,2026-01-31
1032,Customer_32,Headphones,Electronics,5,3349,2026-02-01
1033,Customer_33,Headphones,Accessories,3,40658,2026-02-02
1034,Customer_34,Laptop,Electronics,3,23789,2026-02-03
1035,Customer_35,Tablet,Accessories,3,45190,2026-02-04
1036,Customer_36,Keyboard,Electronics,2,35757,2026-02-05
1037,Customer_37,Tablet,Accessories,5,10323,2026-02-06
1038,Customer_38,Keyboard,Accessories,1,42475,2026-02-07
1039,Customer_39,Laptop,Accessories,4,10040,2026-02-08
1040,Customer_40,Phone,Accessories,1,16864,2026-02-09
1041,Customer_41,Headphones,Electronics,5,5111,2026-02-10
1042,Customer_42,Laptop,Accessories,4,28163,2026-02-11
1043,Customer_43,Headphones,Electronics,5,39146,2026-02-12
1044,Customer_44,Phone,Electronics,3,31477,2026-02-13
1045,Customer_45,Phone,Electronics,4,29668,2026-02-14
1046,Customer_46,Laptop,Electronics,3,49615,2026-02-15
1047,Customer_47,Phone,Accessories,1,25971,2026-02-16
1048,Customer_48,Keyboard,Electronics,1,23187,2026-02-17
1049,Customer_49,Phone,Electronics,4,1351,2026-02-18
1050,Customer_50,Headphones,Electronics,4,18571,2026-02-19
1051,Customer_51,Headphones,Accessories,5,7333,2026-02-20
1052,Customer_52,Headphones,Accessories,5,12438,2026-02-21
1053,Customer_53,Headphones,Accessories,3,35695,2026-02-22
1054,Customer_54,Keyboard,Accessories,4,26644,2026-02-23
1055,Customer_55,Tablet,Electronics,1,4500,2026-02-24
1056,Customer_56,Laptop,Electronics,5,5552,2026-02-25
1057,Customer_57,Headphones,Accessories,5,36006,2026-02-26
1058,Customer_58,Phone,Electronics,1,28574,2026-02-27
1059,Customer_59,Headphones,Electronics,5,38655,2026-02-28
1060,Customer_60,Phone,Electronics,3,41270,2026-03-01
1061,Customer_61,Phone,Accessories,4,32820,2026-03-02
1062,Customer_62,Headphones,Accessories,1,38804,2026-03-03
1063,Customer_63,Keyboard,Electronics,4,46747,2026-03-04
1064,Customer_64,Phone,Accessories,5,4413,2026-03-05
1065,Customer_65,Phone,Accessories,5,17950,2026-03-06
1066,Customer_66,Headphones,Accessories,1,24607,2026-03-07
1067,Customer_67,Phone,Accessories,3,21264,2026-03-08
1068,Customer_68,Phone,Accessories,2,43904,2026-03-09
1069,Customer_69,Headphones,Electronics,1,20991,2026-03-10
1070,Customer_70,Headphones,Accessories,2,38994,2026-03-11
1071,Customer_71,Laptop,Electronics,2,3873,2026-03-12
1072,Customer_72,Keyboard,Electronics,3,12661,2026-03-13
1073,Customer_73,Keyboard,Accessories,2,32496,2026-03-14
1074,Customer_74,Phone,Electronics,2,27622,2026-03-15
1075,Customer_75,Keyboard,Electronics,3,35350,2026-03-16
1076,Customer_76,Phone,Electronics,2,27850,2026-03-17
1077,Customer_77,Laptop,Accessories,2,27972,2026-03-18
1078,Customer_78,Headphones,Accessories,2,29261,2026-03-19
1079,Customer_79,Headphones,Electronics,1,25851,2026-03-20
1080,Customer_80,Headphones,Accessories,1,23632,2026-03-21
1081,Customer_81,Keyboard,Accessories,1,49549,2026-03-22
1082,Customer_82,Laptop,Accessories,3,15805,2026-03-23
1083,Customer_83,Keyboard,Accessories,5,10317,2026-03-24
1084,Customer_84,Keyboard,Electronics,2,11761,2026-03-25
1085,Customer_85,Laptop,Electronics,2,917,2026-03-26
1086,Customer_86,Laptop,Accessories,3,42076,2026-03-27
1087,Customer_87,Laptop,Accessories,2,20858,2026-03-28
1088,Customer_88,Laptop,Electronics,1,3767,2026-03-29
1089,Customer_89,Headphones,Electronics,5,17709,2026-03-30
1090,Customer_90,Tablet,Accessories,4,24552,2026-03-31
1091,Customer_91,Tablet,Electronics,2,39013,2026-04-01
1092,Customer_92,Laptop,Accessories,1,26592,2026-04-02
1093,Customer_93,Tablet,Accessories,4,11838,2026-04-03
1094,Customer_94,Tablet,Electronics,5,912,2026-04-04
1095,Customer_95,Laptop,Electronics,4,8043,2026-04-05
1096,Customer_96,Tablet,Accessories,1,40855,2026-04-06
1097,Customer_97,Keyboard,Accessories,4,33996,2026-04-07
1098,Customer_98,Phone,Electronics,3,24048,2026-04-08
1099,Customer_99,Phone,Accessories,4,27884,2026-04-09
1100,Customer_100,Laptop,Electronics,2,44925,2026-04-10
1101,Customer_101,Headphones,Accessories,2,39256,2026-04-11
1102,Customer_102,Laptop,Electronics,3,19388,2026-04-12
1103,Customer_103,Headphones,Electronics,1,36235,2026-04-13
1104,Customer_104,Phone,Electronics,2,47795,2026-04-14
1105,Customer_105,Laptop,Accessories,5,49316,2026-04-15
1106,Customer_106,Keyboard,Accessories,2,18006,2026-04-16
1107,Customer_107,Tablet,Electronics,2,20963,2026-04-17
1108,Customer_108,Headphones,Accessories,1,18455,2026-04-18
1109,Customer_109,Tablet,Electronics,4,38341,2026-04-19
1110,Customer_110,Tablet,Electronics,2,5604,2026-04-20
1111,Customer_111,Laptop,Accessories,3,35411,2026-04-21
1112,Customer_112,Tablet,Accessories,4,23690,2026-04-22
1113,Customer_113,Keyboard,Electronics,5,7857,2026-04-23
1114,Customer_114,Tablet,Accessories,1,32979,2026-04-24
1115,Customer_115,Laptop,Accessories,5,45311,2026-04-25
1116,Customer_116,Keyboard,Electronics,4,36708,2026-04-26
1117,Customer_117,Phone,Electronics,4,20650,2026-04-27
1118,Customer_118,Tablet,Accessories,4,6144,2026-04-28
1119,Customer_119,Laptop,Electronics,5,43786,2026-04-29
1120,Customer_120,Phone,Electronics,4,47820,2026-04-30
1121,Customer_121,Phone,Accessories,5,3414,2026-05-01
1122,Customer_122,Headphones,Electronics,4,21852,2026-05-02
1123,Customer_123,Keyboard,Electronics,3,46852,2026-05-03
1124,Customer_124,Tablet,Accessories,4,45412,2026-05-04
1125,Customer_125,Laptop,Accessories,5,14897,2026-05-05
1126,Customer_126,Headphones,Electronics,2,42055,2026-05-06
1127,Customer_127,Keyboard,Electronics,4,47459,2026-05-07
1128,Customer_128,Headphones,Accessories,2,1228,2026-05-08
1129,Customer_129,Keyboard,Accessories,3,1198,2026-05-09
1130,Customer_130,Keyboard,Accessories,1,40454,2026-05-10
1131,Customer_131,Tablet,Accessories,3,47780,2026-05-11
1132,Customer_132,Keyboard,Electronics,4,14423,2026-05-12
1133,Customer_133,Headphones,Accessories,2,17279,2026-05-13
1134,Customer_134,Keyboard,Accessories,2,7900,2026-05-14
1135,Customer_135,Tablet,Electronics,5,24966,2026-05-15
1136,Customer_136,Tablet,Accessories,2,37439,2026-05-16
1137,Customer_137,Headphones,Electronics,5,4860,2026-05-17
1138,Customer_138,Phone,Accessories,1,35770,2026-05-18
1139,Customer_139,Phone,Accessories,4,17601,2026-05-19
1140,Customer_140,Keyboard,Accessories,5,32807,2026-05-20
1141,Customer_141,Laptop,Electronics,1,5986,2026-05-21
1142,Customer_142,Keyboard,Electronics,2,8835,2026-05-22
1143,Customer_143,Headphones,Accessories,2,21864,2026-05-23
1144,Customer_144,Headphones,Electronics,1,37759,2026-05-24
1145,Customer_145,Headphones,Electronics,2,24076,2026-05-25
1146,Customer_146,Headphones,Electronics,1,32167,2026-05-26
1147,Customer_147,Headphones,Electronics,5,11630,2026-05-27
1148,Customer_148,Tablet,Electronics,5,22472,2026-05-28
1149,Customer_149,Phone,Electronics,1,40919,2026-05-29
1150,Customer_150,Headphones,Accessories,5,1667,2026-05-30
