C,gamma,accuracy,f1_score,training_time_seconds
0.1,scale,0.9,0.8997493734335839,0.00325189999784925
0.1,0.01,0.8666666666666667,0.8666666666666667,0.003385200001503108
0.1,0.1,0.8666666666666667,0.8666666666666667,0.002591300002677599
0.1,1,0.9666666666666667,0.9665831244778613,0.0018829000000550877
1.0,scale,0.9666666666666667,0.9665831244778613,0.0024448000003758352
1.0,0.01,0.8666666666666667,0.8653198653198653,0.0017135000016423874
1.0,0.1,0.9666666666666667,0.9665831244778613,0.002039099999819882
1.0,1,0.9333333333333333,0.9333333333333333,0.0027637000021059066
10.0,scale,0.9666666666666667,0.9665831244778613,0.002985300001455471
10.0,0.01,0.9666666666666667,0.9665831244778613,0.001645799999096198
10.0,0.1,0.9666666666666667,0.9665831244778613,0.0021534000006795395
10.0,1,0.9666666666666667,0.9665831244778613,0.0029814000008627772
100.0,scale,0.9666666666666667,0.9665831244778613,0.001859899999544723
100.0,0.01,0.9666666666666667,0.9665831244778613,0.0015495000006922055
100.0,0.1,0.9666666666666667,0.9665831244778613,0.001999799998884555
100.0,1,0.9333333333333333,0.9333333333333333,0.0026246999987051822
