,Linear Regression,Ridge,Lasso
numeric__age,1.753757991941763,1.8073417929469733,1.7304505591468653
numeric__sex,-11.511809081546648,-11.448189507396556,-11.316359105598513
numeric__bmi,25.607121438997417,25.7326989183157,25.82462698851206
numeric__bp,16.82887166625278,16.7342997369232,16.64425156281703
numeric__s1,-44.448855642536415,-34.67195409231279,-29.358411912584405
numeric__s2,24.640953560447898,17.053074847018237,13.275844111235921
numeric__s3,7.676977684866896,3.3699141072711654,0.5479478963571245
numeric__s4,13.138783899963531,11.764260443762916,10.23616804714464
numeric__s5,35.161195210920845,31.37838379729343,29.632826105208363
numeric__s6,2.3513636510244407,2.4581392184249955,2.3934752147470606
